eme,histart,mat,flowering,maxrooting,senescence,yldform
122.18451004971027,904.2218897571156,1735.7908167256971,183.7896158886032,1438.6642710391218,1429.4747902446916,765.7900662025135
