eme,histart,mat,flowering,maxrooting,senescence,yldform
187.43800589541806,939.6021867300764,1645.029948084542,286.0108887010624,1479.5922771692215,1475.8535727417568,672.03212083681
